{
    "timing": {
        "anneal_time_per_run": 20,
        "post_processing_overhead_time": 3543,
        "qpu_access_overhead_time": 124901,
        "qpu_access_time": 3159236,
        "qpu_anneal_time_per_sample": 20,
        "qpu_delay_time_per_sample": 21,
        "qpu_programming_time": 9636,
        "qpu_readout_time_per_sample": 274,
        "qpu_sampling_time": 3149600,
        "readout_time_per_run": 274,
        "run_time_chip": 3149600,
        "total_post_processing_time": 146041,
        "total_real_time": 3159236
    }
}