{
    "timing": {
        "anneal_time_per_run": 20,
        "post_processing_overhead_time": 2614,
        "qpu_access_overhead_time": 110605,
        "qpu_access_time": 3159367,
        "qpu_anneal_time_per_sample": 20,
        "qpu_delay_time_per_sample": 21,
        "qpu_programming_time": 9767,
        "qpu_readout_time_per_sample": 274,
        "qpu_sampling_time": 3149600,
        "readout_time_per_run": 274,
        "run_time_chip": 3149600,
        "total_post_processing_time": 153635,
        "total_real_time": 3159367
    }
}